ID,Name,Surname,PhoneNumber,email
1,Svetlana,Kryukov,79133280944,Sokol@mail.ru
2,Vity,Mashohina,79305678414,Kustov@yandex.ru
3,Olga,Sokol,79293503010,Kustov@mail.ru
4,Alex,Charlanov,79467464442,Mashohina@gmail.com
5,Olga,Petrov,79960388947,Charlanov@mail.ru
6,Phedor,Kryukov,79091414294,Volobuev@mail.ru
7,Inna,Sokol,79368543932,Charlanov@mail.ru
8,Phedor,Kustov,79451676383,Petrov@mail.ru
9,Boris,Volobuev,79034750758,Volobuev@mail.ru
10,Viktor,Kryukov,79926770432,Aphanasov@mail.ru
11,Vity,Charlanov,79731490578,Kryukov@gmail.com
12,Anton,Aphanasov,79218177927,Charlanov@mail.ru
13,Boris,Mashohina,79059149411,Mironenko@mail.ru
14,Phedor,Mironenko,79554515587,Petrov@yandex.ru
15,Alex,Mironenko,79567149047,Petrov@gmail.com
16,Igor,Aphanasov,79078016903,Sokol@yandex.ru
17,Olga,Charlanov,79009726217,Aphanasov@yandex.ru
18,Viktor,Petrov,79026733660,Mashohina@yandex.ru
19,Alex,Mironenko,79556112950,Petrov@mail.ru
20,Boris,Aphanasov,79865963271,Kryukov@gmail.com
21,Inna,Aphanasov,79220900973,Kryukov@mail.ru
22,Anton,Kryukov,79337618845,Kryukov@gmail.com
23,Igor,Volobuev,79491115444,Mashohina@gmail.com
24,Phedor,Sokol,79422163165,Petrov@gmail.com
25,Vity,Charlanov,79566929622,Volobuev@gmail.com
26,Anton,Sokol,79088445964,Mironenko@yandex.ru
27,Igor,Volobuev,79964134927,Petrov@gmail.com
28,Phedor,Petrov,79207175144,Mironenko@yandex.ru
29,Olga,Aphanasov,79518445931,Aphanasov@gmail.com
30,Svetlana,Kustov,79013639512,Mironenko@mail.ru
31,Vity,Charlanov,79145158772,Aphanasov@mail.ru
32,Alex,Kustov,79407795910,Mironenko@yandex.ru
33,Phedor,Petrov,79195696323,Charlanov@mail.ru
34,Viktor,Volobuev,79147946647,Volobuev@gmail.com
35,Alex,Kustov,79964697428,Kustov@yandex.ru
36,Anton,Petrov,79167227415,Mashohina@gmail.com
37,Inna,Mironenko,79354976575,Aphanasov@yandex.ru
38,Inna,Petrov,79337297531,Charlanov@mail.ru
39,Alex,Aphanasov,79301692826,Volobuev@yandex.ru
40,Vity,Charlanov,79011344945,Volobuev@mail.ru
41,Anton,Mironenko,79513447966,Petrov@yandex.ru
42,Alex,Kustov,79256365282,Volobuev@yandex.ru
43,Phedor,Mironenko,79512979454,Mashohina@gmail.com
44,Phedor,Mironenko,79806907538,Charlanov@mail.ru
45,Anton,Charlanov,79677280787,Volobuev@gmail.com
46,Igor,Mashohina,79722965195,Mashohina@mail.ru
47,Igor,Volobuev,79715364506,Sokol@yandex.ru
48,Anton,Aphanasov,79373505321,Volobuev@mail.ru
49,Inna,Charlanov,79636023259,Volobuev@gmail.com
50,Vity,Kryukov,79215661587,Sokol@yandex.ru
51,Boris,Sokol,79141605030,Petrov@yandex.ru
52,Boris,Mironenko,79167683429,Volobuev@yandex.ru
53,Anton,Volobuev,79682498709,Mironenko@yandex.ru
54,Inna,Charlanov,79203298163,Kryukov@yandex.ru
55,Olga,Aphanasov,79590056710,Mashohina@mail.ru
56,Viktor,Mashohina,79992134822,Mironenko@mail.ru
57,Igor,Mashohina,79506095294,Sokol@mail.ru
58,Alex,Kustov,79603414570,Petrov@yandex.ru
59,Inna,Petrov,79884903786,Mashohina@yandex.ru
60,Vity,Sokol,79205795802,Volobuev@gmail.com
61,Igor,Volobuev,79360112993,Kustov@gmail.com
62,Inna,Volobuev,79524585590,Mironenko@yandex.ru
63,Inna,Aphanasov,79005747249,Aphanasov@yandex.ru
64,Anton,Kustov,79551749600,Kustov@yandex.ru
65,Anton,Aphanasov,79248404374,Petrov@gmail.com
66,Phedor,Mashohina,79835023104,Sokol@yandex.ru
67,Phedor,Volobuev,79671298035,Aphanasov@mail.ru
68,Alex,Kustov,79630642643,Mironenko@yandex.ru
69,Anton,Petrov,79559476416,Kustov@gmail.com
70,Viktor,Charlanov,79421378858,Mironenko@yandex.ru
71,Inna,Kryukov,79918346717,Petrov@mail.ru
72,Igor,Mironenko,79210138371,Petrov@yandex.ru
73,Alex,Petrov,79943090706,Mashohina@gmail.com
74,Viktor,Mashohina,79097331589,Mironenko@gmail.com
75,Alex,Mironenko,79544048472,Kryukov@mail.ru
76,Anton,Kustov,79160866453,Mironenko@mail.ru
77,Vity,Mashohina,79981892890,Sokol@mail.ru
78,Boris,Aphanasov,79234649186,Charlanov@yandex.ru
79,Alex,Kryukov,79598933807,Mashohina@mail.ru
80,Olga,Mironenko,79110231363,Aphanasov@gmail.com
81,Viktor,Mashohina,79959079800,Kustov@mail.ru
82,Viktor,Sokol,79034885463,Sokol@mail.ru
83,Vity,Mironenko,79405364320,Aphanasov@yandex.ru
84,Svetlana,Mashohina,79692208097,Charlanov@mail.ru
85,Anton,Aphanasov,79997784153,Mironenko@yandex.ru
86,Olga,Kustov,79083668851,Kryukov@gmail.com
87,Inna,Aphanasov,79971560384,Aphanasov@gmail.com
88,Olga,Mashohina,79326004473,Aphanasov@mail.ru
89,Viktor,Charlanov,79229417679,Mironenko@gmail.com
90,Vity,Charlanov,79311410151,Aphanasov@mail.ru
91,Anton,Charlanov,79806012975,Mashohina@yandex.ru
92,Alex,Charlanov,79596338229,Petrov@yandex.ru
93,Vity,Volobuev,79335443231,Mashohina@mail.ru
94,Igor,Mironenko,79095714224,Volobuev@gmail.com
95,Inna,Mashohina,79942934278,Petrov@yandex.ru
96,Inna,Mironenko,79673341576,Volobuev@yandex.ru
97,Phedor,Charlanov,79518907093,Mashohina@gmail.com
98,Vity,Charlanov,79522501189,Charlanov@mail.ru
99,Anton,Mashohina,79094252762,Mironenko@yandex.ru
100,Igor,Mashohina,79082450812,Charlanov@mail.ru
